"make","variant","length","big_region","small_region","price","year","gdp"
"Lagoon","380","38.00","USA","Florida",219000,"2005",52789.7314187756
"Leopard","40","39.00","Caribbean","Panama",2e+05,"2005",7872.78549577504
"Nautitech","40","39.50","Europe","Croatia",188252,"2005",11523.2978336217
"Nautitech","40","39.50","Europe","Croatia",188131,"2005",11523.2978336217
"Lagoon","440","44.60","USA","Georgia",379000,"2005",52789.7314187756
"Lagoon","440","44.60","USA","Florida",320000,"2005",52789.7314187756
"Lagoon","440","44.60","USA","Florida",320000,"2005",52789.7314187756
"Leopard","40","39.00","USA","Washington",239000,"2006",53738.0917251561
"Leopard","40","39.00","USA","Florida",215500,"2006",53738.0917251561
"Nautitech","40","39.50","Europe","Greece",217401,"2006",23369.1504333202
"Nautitech","40","39.50","Europe","Greece",217047,"2006",23369.1504333202
"Nautitech","40","39.50","Europe","Italy",206722,"2006",33751.7000191328
"Nautitech","40","39.50","Europe","Greece",206551,"2006",23369.1504333202
"Nautitech","40","39.50","Europe","Greece",206337,"2006",23369.1504333202
"Nautitech","40","39.50","Europe","Greece",192796,"2006",23369.1504333202
"Nautitech","40","39.50","Europe","Greece",191772,"2006",23369.1504333202
"Lagoon","420","41.00","Europe","Italy",358698,"2006",33751.7000191328
"Lagoon","440","44.60","Europe","Greece",325285,"2006",23369.1504333202
"Lagoon","440","44.60","Europe","Greece",321976,"2006",23369.1504333202
"Lagoon","440","44.60","Europe","Greece",321644,"2006",23369.1504333202
"Lagoon","440","44.60","Europe","Italy",309826,"2006",33751.7000191328
"Lagoon","440","44.60","Europe","Italy",309506,"2006",33751.7000191328
"Lagoon","440","44.60","Europe","Italy",303751,"2006",33751.7000191328
"Lagoon","440","44.60","Europe","Italy",303437,"2006",33751.7000191328
"Lagoon","440","44.60","Europe","Croatia",267301,"2006",12105.4687785422
"Lagoon","440","44.60","Europe","Croatia",267025,"2006",12105.4687785422
"Lagoon","440","44.60","Europe","Croatia",267025,"2006",12105.4687785422
"Lagoon","440","44.60","USA","Florida",349000,"2006",53738.0917251561
"Lagoon","500","51.00","Europe","Spain",515334,"2006",26762.2672557942
"Lagoon","500","51.00","Europe","Greece",515334,"2006",23369.1504333202
"Lagoon","500","51.00","Europe","Greece",461585,"2006",23369.1504333202
"Lagoon","500","51.00","Europe","Greece",461225,"2006",23369.1504333202
"Lagoon","500","51.00","Europe","Greece",423929,"2006",23369.1504333202
"Lagoon","500","51.00","Europe","Greece",423599,"2006",23369.1504333202
"Lagoon","500","51.00","Europe","Greece",418330,"2006",23369.1504333202
"Lagoon","420","41.00","Europe","Germany",314925,"2007",37842.3577913563
"Fountaine Pajot","Orana 44","43.00","Caribbean","Puerto Rico",315000,"2007",29347.8915630732
"Fountaine Pajot","Orana 44","43.00","USA","Maryland",320000,"2007",54299.6172405205
"Lagoon","440","44.60","Europe","Spain",394877,"2007",27218.4492597353
"Lagoon","440","44.60","Europe","Spain",394469,"2007",27218.4492597353
"Lagoon","440","44.60","Europe","Spain",339729,"2007",27218.4492597353
"Lagoon","440","44.60","Europe","Spain",309506,"2007",27218.4492597353
"Lagoon","440","44.60","Europe","Greece",297676,"2007",24072.7918188691
"Lagoon","440","44.60","Europe","Greece",297369,"2007",24072.7918188691
"Lagoon","440","44.60","USA","Florida",349000,"2007",54299.6172405205
"Lagoon","440","44.60","USA","Maryland",310000,"2007",54299.6172405205
"Lagoon","440","44.60","USA","Florida",294000,"2007",54299.6172405205
"Fountaine Pajot","Salina 48","47.00","Europe","Turkey",345919,"2007",8414.25350387565
"Lagoon","420","49.00","USA","Florida",435000,"2007",54299.6172405205
"Lagoon","500","51.00","Europe","Spain",594150,"2007",27218.4492597353
"Lagoon","500","51.00","Europe","Italy",497146,"2007",34081.0903298709
"Lagoon","380","38.00","Europe","Italy",236447,"2008",33530.3601449597
"Lagoon","380","38.00","USA","Florida",229000,"2008",53854.1606116578
"Leopard","40","39.00","Europe","France",273094,"2008",36354.6586641081
"Nautitech","40","39.50","Europe","Croatia",191772,"2008",12980.080450727
"Lagoon","420","41.00","Caribbean","Guatemala",380000,"2008",3620.82336964724
"Lagoon","420","41.00","Caribbean","Cayman Islands",310061,"2008",93166.3159784497
"Lagoon","420","41.00","Caribbean","Cayman Islands",309705,"2008",93166.3159784497
"Lagoon","420","41.00","Caribbean","Cayman Islands",297902,"2008",93166.3159784497
"Lagoon","420","41.00","Caribbean","Cayman Islands",297560,"2008",93166.3159784497
"Lagoon","420","41.00","Europe","Greece",358335,"2008",23928.5019625017
"Lagoon","420","41.00","Europe","Greece",358056,"2008",23928.5019625017
"Lagoon","420","41.00","Europe","France",338900,"2008",36354.6586641081
"Lagoon","420","41.00","Europe","France",338636,"2008",36354.6586641081
"Lagoon","420","41.00","Europe","France",338028,"2008",36354.6586641081
"Lagoon","420","41.00","Europe","France",337640,"2008",36354.6586641081
"Lagoon","420","41.00","Europe","Spain",327968,"2008",27025.2949432871
"Lagoon","420","41.00","Europe","Spain",327712,"2008",27025.2949432871
"Lagoon","420","41.00","Europe","Greece",303982,"2008",23928.5019625017
"Lagoon","420","41.00","Europe","Greece",303633,"2008",23928.5019625017
"Lagoon","420","41.00","USA","Florida",396000,"2008",53854.1606116578
"Lagoon","420","41.00","USA","Maryland",389900,"2008",53854.1606116578
"Lagoon","420","41.00","USA","Florida",375000,"2008",53854.1606116578
"Lagoon","440","42.00","Europe","Italy",303982,"2008",33530.3601449597
"Lagoon","440","42.00","Europe","Italy",297902,"2008",33530.3601449597
"Fountaine Pajot","Orana 44","43.00","Caribbean","Guatemala",339000,"2008",3620.82336964724
"Fountaine Pajot","Orana 44","43.00","Europe","France",338636,"2008",36354.6586641081
"Fountaine Pajot","Orana 44","43.00","Europe","Greece",328300,"2008",23928.5019625017
"Fountaine Pajot","Orana 44","43.00","Europe","Greece",328300,"2008",23928.5019625017
"Fountaine Pajot","Orana 44","43.00","Europe","Greece",327968,"2008",23928.5019625017
"Fountaine Pajot","Orana 44","43.00","Europe","Turkey",285231,"2008",8376.14924620652
"Fountaine Pajot","Orana 44","43.00","Europe","Turkey",261424,"2008",8376.14924620652
"Nautitech","44","44.00","Europe","Greece",312493,"2008",23928.5019625017
"Lagoon","440","44.60","Caribbean","Dominican Republic",325000,"2008",5373.09625339146
"Lagoon","440","44.60","Caribbean","Mexico",303674,"2008",9888.13944322185
"Lagoon","440","44.60","Caribbean","Mexico",303437,"2008",9888.13944322185
"Lagoon","440","44.60","Europe","Spain",431327,"2008",27025.2949432871
"Lagoon","440","44.60","Europe","Spain",430881,"2008",27025.2949432871
"Lagoon","440","44.60","Europe","Italy",388400,"2008",33530.3601449597
"Lagoon","440","44.60","Europe","Turkey",388400,"2008",8376.14924620652
"Lagoon","440","44.60","Europe","Italy",388400,"2008",33530.3601449597
"Lagoon","440","44.60","Europe","France",376652,"2008",36354.6586641081
"Lagoon","440","44.60","Europe","France",376262,"2008",36354.6586641081
"Lagoon","440","44.60","Europe","Turkey",346276,"2008",8376.14924620652
"Lagoon","440","44.60","Europe","Turkey",345919,"2008",8376.14924620652
"Lagoon","440","44.60","Europe","Turkey",334126,"2008",8376.14924620652
"Lagoon","440","44.60","Europe","Turkey",333781,"2008",8376.14924620652
"Lagoon","440","44.60","Europe","Croatia",313471,"2008",12980.080450727
"Lagoon","440","44.60","Europe","Croatia",313147,"2008",12980.080450727
"Lagoon","440","44.60","USA","Maryland",359000,"2008",53854.1606116578
"Fountaine Pajot","Salina 48","47.00","Europe","Greece",503706,"2008",23928.5019625017
"Fountaine Pajot","Salina 48","47.00","Europe","Italy",418744,"2008",33530.3601449597
"Fountaine Pajot","Salina 48","47.00","Europe","Greece",376556,"2008",23928.5019625017
"Fountaine Pajot","Salina 48","47.00","Europe","Greece",376262,"2008",23928.5019625017
"Fountaine Pajot","Salina 48","47.00","Europe","Greece",346188,"2008",23928.5019625017
"Fountaine Pajot","Salina 48","47.00","Europe","Greece",345919,"2008",23928.5019625017
"Fountaine Pajot","Salina 48","47.00","Europe","Greece",333781,"2008",23928.5019625017
"Lagoon","500","51.00","Europe","Italy",667562,"2008",33530.3601449597
"Lagoon","500","51.00","Europe","Greece",606875,"2008",23928.5019625017
"Lagoon","500","51.00","Europe","Portugal",546613,"2008",19985.6983319711
"Lagoon","500","51.00","Europe","Portugal",545648,"2008",19985.6983319711
"Lagoon","500","51.00","Europe","Italy",412997,"2008",33530.3601449597
"Lagoon","500","51.00","Europe","Italy",412675,"2008",33530.3601449597
"Lagoon","500","51.00","Europe","Italy",411782,"2008",33530.3601449597
"Lagoon","500","51.00","Europe","Italy",411461,"2008",33530.3601449597
"Fountaine Pajot","Lipari 41","40.00","Caribbean","Belize",194008,"2009",5954.4055819312
"Lagoon","420","41.00","USA","Florida",309000,"2009",51996.1834952422
"Lagoon","420","41.00","USA","Florida",280000,"2009",51996.1834952422
"Lagoon","420","41.00","USA","Florida",280000,"2009",51996.1834952422
"Fountaine Pajot","Orana 44","43.00","Caribbean","Antigua and Barbuda",327712,"2009",17809.9326764468
"Fountaine Pajot","Orana 44","43.00","USA","Florida",3e+05,"2009",51996.1834952422
"Lagoon","440","44.60","Europe","Croatia",435736,"2009",12055.8455905323
"Lagoon","440","44.60","Europe","Croatia",347755,"2009",12055.8455905323
"Lagoon","440","44.60","USA","Maryland",525000,"2009",51996.1834952422
"Fountaine Pajot","Salina 48","47.00","Europe","Croatia",315454,"2009",12055.8455905323
"Lagoon","500","51.00","Europe","Greece",546187,"2009",22839.2485386418
"Lagoon","500","51.00","Europe","Greece",521912,"2009",22839.2485386418
"Lagoon","500","51.00","Europe","Greece",503208,"2009",22839.2485386418
"Lagoon","500","51.00","USA","Florida",425000,"2009",51996.1834952422
"Lagoon","400","39.00","Europe","Turkey",279380,"2010",8396.92342026278
"Lagoon","400","39.00","Europe","Turkey",279162,"2010",8396.92342026278
"Fountaine Pajot","Lipari 41","39.00","Europe","Portugal",278887,"2010",19670.3610686333
"Lagoon","400","39.00","Europe","Greece",267233,"2010",21560.3533533658
"Lagoon","400","39.00","Europe","Greece",267025,"2010",21560.3533533658
"Fountaine Pajot","Lipari 41","39.00","Europe","France",218882,"2010",35638.1215603451
"Lagoon","400","39.00","Europe","Croatia",217486,"2010",11933.0187800985
"Lagoon","400","39.00","Europe","Croatia",217261,"2010",11933.0187800985
"Lagoon","421","42.00","Europe","Turkey",437734,"2010",8396.92342026278
"Lagoon","421","42.00","Europe","Italy",327968,"2010",32058.1739940798
"Lagoon","421","42.00","Europe","Italy",327712,"2010",32058.1739940798
"Lagoon","421","42.00","Europe","Greece",285231,"2010",21560.3533533658
"Fountaine Pajot","Orana 44","43.00","USA","Florida",390000,"2010",52963.4641697124
"Lagoon","440","44.60","Caribbean","Sint Maarten (Dutch part)",345000,"2010",38107.6279295287
"Lagoon","440","44.60","Europe","Spain",424812,"2010",25702.3468448149
"Lagoon","440","45.80","Europe","France",479431,"2010",35638.1215603451
"Lagoon","500","51.00","Europe","Croatia",721467,"2010",11933.0187800985
"Lagoon","500","51.00","Europe","Turkey",589128,"2010",8396.92342026278
"Lagoon","500","51.00","Europe","Turkey",588087,"2010",8396.92342026278
"Lagoon","500","51.00","Europe","Croatia",576531,"2010",11933.0187800985
"Lagoon","500","51.00","Europe","Croatia",575961,"2010",11933.0187800985
"Leopard","39","37.50","USA","Florida",339000,"2011",53394.8618380061
"Leopard","39","37.50","USA","Florida",339000,"2011",53394.8618380061
"Lagoon","380","38.00","Europe","Greece",236447,"2011",19400.8077326583
"Fountaine Pajot","Lipari 41","39.00","Europe","Italy",346563,"2011",32229.4567910904
"Fountaine Pajot","Lipari 41","39.00","Europe","Malta",302787,"2011",20566.4277747482
"Fountaine Pajot","Lipari 41","39.00","Europe","Turkey",267522,"2011",9201.33726059829
"Fountaine Pajot","Lipari 41","39.00","Europe","Turkey",266761,"2011",9201.33726059829
"Fountaine Pajot","Lipari 41","39.00","Europe","Turkey",266761,"2011",9201.33726059829
"Lagoon","400","39.00","Europe","Croatia",264804,"2011",11964.3584426587
"Lagoon","400","39.00","Europe","Croatia",264597,"2011",11964.3584426587
"Lagoon","400","39.00","Europe","Croatia",217486,"2011",11964.3584426587
"Lagoon","400","39.00","Europe","Croatia",217261,"2011",11964.3584426587
"Lagoon","400","39.00","Europe","Croatia",206095,"2011",11964.3584426587
"Fountaine Pajot","Lipari 41","39.00","Europe","Croatia",194562,"2011",11964.3584426587
"Fountaine Pajot","Lipari 41","39.00","Europe","Croatia",169026,"2011",11964.3584426587
"Lagoon","421","42.00","Europe","Portugal",333781,"2011",19365.1816488681
"Lagoon","421","42.00","Europe","Italy",297902,"2011",32229.4567910904
"Leopard","44","42.50","Caribbean","U.S. Virgin Islands",339000,"2011",43320.176769501
"Leopard","44","42.50","Caribbean","Saint Kitts and Nevis",339000,"2011",17653.7411196915
"Leopard","44","42.50","Caribbean","U.S. Virgin Islands",339000,"2011",43320.176769501
"Leopard","44","42.50","Caribbean","Saint Kitts and Nevis",339000,"2011",17653.7411196915
"Leopard","44","42.50","USA","Florida",459000,"2011",53394.8618380061
"Leopard","44","42.50","USA","Florida",459000,"2011",53394.8618380061
"Fountaine Pajot","Orana 44","43.00","Europe","Turkey",339850,"2011",9201.33726059829
"Lagoon","450","45.80","Caribbean","U.S. Virgin Islands",475000,"2011",43320.176769501
"Lagoon","450","45.80","Europe","France",533522,"2011",36244.1871625918
"Lagoon","450","45.80","Europe","Greece",516246,"2011",19400.8077326583
"Lagoon","450","45.80","Europe","Greece",515844,"2011",19400.8077326583
"Lagoon","450","45.80","Europe","France",510725,"2011",36244.1871625918
"Lagoon","450","45.80","Europe","France",510302,"2011",36244.1871625918
"Lagoon","450","45.80","Europe","France",510172,"2011",36244.1871625918
"Lagoon","450","45.80","Europe","Malta",479431,"2011",20566.4277747482
"Lagoon","450","45.80","Europe","Greece",472895,"2011",19400.8077326583
"Lagoon","450F","45.80","Europe","Turkey",462084,"2011",9201.33726059829
"Lagoon","450","45.80","Europe","Greece",448644,"2011",19400.8077326583
"Lagoon","450","45.80","Europe","Greece",407335,"2011",19400.8077326583
"Lagoon","450","45.80","Europe","Italy",389097,"2011",32229.4567910904
"Lagoon","450F","45.80","USA","Florida",499000,"2011",53394.8618380061
"Lagoon","450F","45.80","USA","Florida",499000,"2011",53394.8618380061
"Fountaine Pajot","Salina 48","47.00","Caribbean","Panama",450000,"2011",11248.0034066621
"Lagoon","500","51.00","Caribbean","U.S. Virgin Islands",499000,"2011",43320.176769501
"Lagoon","500","51.00","Caribbean","U.S. Virgin Islands",443813,"2011",43320.176769501
"Lagoon","380","38.00","USA","New York",292000,"2012",54213.4595516389
"Lagoon","39","38.40","Europe","Italy",310061,"2012",31184.5584255896
"Fountaine Pajot","Lipari 41","39.00","Caribbean","Guatemala",315000,"2012",3731.66847179214
"Lagoon","400","39.00","Europe","Portugal",315575,"2012",18654.9575281944
"Lagoon","400","39.00","Europe","Greece",291300,"2012",18123.6710971914
"Lagoon","400","39.00","Europe","Greece",279162,"2012",18123.6710971914
"Lagoon","400","39.00","Europe","Croatia",241786,"2012",11720.1723170841
"Lagoon","400","39.00","Europe","Croatia",241536,"2012",11720.1723170841
"Lagoon","400","39.00","Europe","Croatia",241536,"2012",11720.1723170841
"Lagoon","400","39.00","Europe","Sweden",236681,"2012",48885.5484179725
"Lagoon","400","39.00","Europe","Croatia",218639,"2012",11720.1723170841
"Lagoon","421","41.00","Europe","Italy",369828,"2012",31184.5584255896
"Leopard","44","42.50","Europe","Greece",273094,"2012",18123.6710971914
"Fountaine Pajot","Helia 44","43.60","Europe","France",520699,"2012",36182.1511275816
"Fountaine Pajot","Helia 44","43.60","Europe","Greece",449893,"2012",18123.6710971914
"Fountaine Pajot","Helia 44","43.60","Europe","Greece",449438,"2012",18123.6710971914
"Lagoon","450","45.80","Caribbean","Belize",400142,"2012",5807.26305278482
"Lagoon","450","45.80","Europe","Italy",486371,"2012",31184.5584255896
"Lagoon","450","45.80","Europe","Greece",486249,"2012",18123.6710971914
"Lagoon","450","45.80","Europe","Italy",474211,"2012",31184.5584255896
"Lagoon","450","45.80","Europe","Italy",473362,"2012",31184.5584255896
"Lagoon","450","45.80","Europe","France",472895,"2012",36182.1511275816
"Lagoon","450","45.80","Europe","Italy",449438,"2012",31184.5584255896
"Lagoon","450","45.80","Europe","Italy",449087,"2012",31184.5584255896
"Lagoon","450","45.80","Europe","Italy",448644,"2012",31184.5584255896
"Lagoon","450","45.80","Europe","France",411782,"2012",36182.1511275816
"Lagoon","450","45.80","Europe","France",411461,"2012",36182.1511275816
"Lagoon","450","45.80","Europe","Greece",400850,"2012",18123.6710971914
"Lagoon","450","45.80","Europe","Greece",400537,"2012",18123.6710971914
"Lagoon","450","45.80","Europe","Croatia",398420,"2012",11720.1723170841
"Lagoon","450","45.80","Europe","Croatia",398420,"2012",11720.1723170841
"Lagoon","450","45.80","Europe","Croatia",398110,"2012",11720.1723170841
"Lagoon","450","45.80","Europe","Croatia",397717,"2012",11720.1723170841
"Lagoon","450","45.80","Europe","Greece",388802,"2012",18123.6710971914
"Lagoon","450","45.80","Europe","Greece",388016,"2012",18123.6710971914
"Lagoon","450","45.80","Europe","Italy",376937,"2012",31184.5584255896
"Lagoon","450","45.80","Europe","Italy",376937,"2012",31184.5584255896
"Lagoon","450","45.80","Europe","Italy",376556,"2012",31184.5584255896
"Lagoon","450","45.80","Europe","Croatia",364778,"2012",11720.1723170841
"Lagoon","450","45.80","Europe","Croatia",364501,"2012",11720.1723170841
"Lagoon","450","45.80","Europe","Croatia",363587,"2012",11720.1723170841
"Lagoon","450","45.80","Europe","Croatia",362911,"2012",11720.1723170841
"Lagoon","450","45.80","Europe","Croatia",339267,"2012",11720.1723170841
"Lagoon","450","45.80","Europe","Croatia",338302,"2012",11720.1723170841
"Lagoon","450","45.80","USA","Florida",459950,"2012",54213.4595516389
"Fountaine Pajot","Salina 48","47.00","Caribbean","Panama",249000,"2012",12130.2286354315
"Fountaine Pajot","Salina 48","47.00","Europe","France",358056,"2012",36182.1511275816
"Lagoon","500","51.00","Caribbean","Antigua and Barbuda",499000,"2012",15739.0348393989
"Lagoon","500","51.00","Caribbean","Puerto Rico",499000,"2012",29180.4121304848
"Leopard","39","37.50","Europe","Turkey",364424,"2013",10195.8475785153
"Leopard","39","37.50","Europe","Turkey",364125,"2013",10195.8475785153
"Lagoon","39","38.40","Europe","Cyprus",303982,"2013",22682.3671875
"Lagoon","39","38.40","Europe","Cyprus",303437,"2013",22682.3671875
"Lagoon","39","38.40","Europe","Italy",297369,"2013",30257.6274259351
"Lagoon","400","39.00","Europe","Italy",388400,"2013",30257.6274259351
"Lagoon","400","39.00","Europe","Italy",388400,"2013",30257.6274259351
"Fountaine Pajot","Lipari 41","39.00","Europe","Croatia",342763,"2013",11706.2249597058
"Lagoon","400 S2","39.00","Europe","Croatia",340115,"2013",11706.2249597058
"Lagoon","400","39.00","Europe","Croatia",339850,"2013",11706.2249597058
"Fountaine Pajot","Lipari 41","39.00","Europe","France",328323,"2013",36203.1908693774
"Lagoon","400","39.00","Europe","Greece",321895,"2013",17796.2576680722
"Lagoon","400","39.00","Europe","Greece",321644,"2013",17796.2576680722
"Lagoon","400 S2","39.00","Europe","Croatia",267197,"2013",11706.2249597058
"Lagoon","400","39.00","Europe","Croatia",267025,"2013",11706.2249597058
"Lagoon","400","39.00","Europe","Croatia",267025,"2013",11706.2249597058
"Fountaine Pajot","Lipari 41","39.00","Europe","Croatia",265811,"2013",11706.2249597058
"Lagoon","400","39.00","Europe","Croatia",242507,"2013",11706.2249597058
"Lagoon","421","42.00","Europe","Greece",423599,"2013",17796.2576680722
"Lagoon","421","42.00","Europe","Turkey",380579,"2013",10195.8475785153
"Leopard","44","42.50","Europe","Greece",302766,"2013",17796.2576680722
"Leopard","44","42.50","Europe","Greece",290606,"2013",17796.2576680722
"Fountaine Pajot","Helia 44","43.60","Europe","Italy",534050,"2013",30257.6274259351
"Fountaine Pajot","Helia 44","43.60","Europe","Greece",479824,"2013",17796.2576680722
"Fountaine Pajot","Helia 44","43.60","Europe","Greece",443382,"2013",17796.2576680722
"Fountaine Pajot","Helia 44","43.60","Europe","Greece",443019,"2013",17796.2576680722
"Lagoon","450","44.60","Europe","Greece",424206,"2013",17796.2576680722
"Lagoon","450","45.80","Caribbean","Panama",540000,"2013",12741.3804474508
"Lagoon","450","45.80","Caribbean","Bahamas",369000,"2013",29426.0226914783
"Lagoon","450F","45.80","Europe","Croatia",618603,"2013",11706.2249597058
"Lagoon","450","45.80","Europe","Turkey",534050,"2013",10195.8475785153
"Lagoon","450","45.80","Europe","Greece",528393,"2013",17796.2576680722
"Lagoon","450","45.80","Europe","Greece",527981,"2013",17796.2576680722
"Lagoon","450","45.80","Europe","Turkey",521105,"2013",10195.8475785153
"Lagoon","450","45.80","Europe","Turkey",520184,"2013",10195.8475785153
"Lagoon","450","45.80","Europe","Spain",516246,"2013",24368.9682370919
"Lagoon","450","45.80","Europe","Spain",515844,"2013",24368.9682370919
"Lagoon","450F","45.80","Europe","France",462084,"2013",36203.1908693774
"Lagoon","450","45.80","Europe","Italy",461702,"2013",30257.6274259351
"Lagoon","450","45.80","Europe","Croatia",445907,"2013",11706.2249597058
"Lagoon","450","45.80","Europe","Croatia",445006,"2013",11706.2249597058
"Lagoon","450","45.80","Europe","Greece",424536,"2013",17796.2576680722
"Lagoon","450","45.80","Europe","Greece",419177,"2013",17796.2576680722
"Lagoon","450","45.80","Europe","Greece",418330,"2013",17796.2576680722
"Lagoon","450","45.80","Europe","France",400850,"2013",36203.1908693774
"Lagoon","450","45.80","Europe","Croatia",400850,"2013",11706.2249597058
"Lagoon","450","45.80","Europe","France",400537,"2013",36203.1908693774
"Lagoon","450","45.80","Europe","Croatia",400537,"2013",11706.2249597058
"Lagoon","450","45.80","Europe","Greece",383017,"2013",17796.2576680722
"Lagoon","450","45.80","Europe","Greece",382727,"2013",17796.2576680722
"Lagoon","450","45.80","Europe","Croatia",376556,"2013",11706.2249597058
"Lagoon","450","45.80","Europe","Croatia",376262,"2013",11706.2249597058
"Lagoon","450","45.80","USA","Florida",510000,"2013",54830.7840664164
"Fountaine Pajot","Salina 48","47.00","Europe","France",473732,"2013",36203.1908693774
"Fountaine Pajot","Salina 48","47.00","Europe","France",473362,"2013",36203.1908693774
"Fountaine Pajot","Salina 48","47.00","Europe","France",473362,"2013",36203.1908693774
"Lagoon","52","52.00","Europe","Greece",851149,"2013",17796.2576680722
"Lagoon","52","52.00","Europe","Croatia",802512,"2013",11706.2249597058
"Lagoon","52","52.00","Europe","Croatia",802512,"2013",11706.2249597058
"Lagoon","52","52.00","USA","Florida",759000,"2013",54830.7840664164
"Leopard","39","37.50","Caribbean","Belize",245000,"2014",6034.40219556644
"Lagoon","39","38.00","USA","Florida",264000,"2014",55675.3868536862
"Lagoon","39","38.40","Europe","Greece",388554,"2014",18000.4184639065
"Lagoon","39","38.40","Europe","France",334042,"2014",36378.6186614699
"Lagoon","39","38.40","Europe","Portugal",327968,"2014",18833.0518281692
"Lagoon","39","38.40","Europe","Portugal",327712,"2014",18833.0518281692
"Lagoon","39","38.40","Europe","Turkey",315263,"2014",10556.1170411504
"Lagoon","39","38.40","Europe","Croatia",260208,"2014",11703.97887474
"Lagoon","39","38.40","Europe","Spain",241536,"2014",24783.0829468685
"Fountaine Pajot","Lipari 41","39.00","Caribbean","Grenada",345000,"2014",7939.50206647381
"Lagoon","400","39.00","Europe","Greece",361697,"2014",18000.4184639065
"Lagoon","400","39.00","Europe","Greece",358056,"2014",18000.4184639065
"Lagoon","400 S2","39.00","Europe","Greece",333996,"2014",18000.4184639065
"Lagoon","400","39.00","Europe","Greece",333781,"2014",18000.4184639065
"Lagoon","400","39.00","Europe","Greece",333781,"2014",18000.4184639065
"Lagoon","400 S2","39.00","Europe","Greece",327923,"2014",18000.4184639065
"Lagoon","400 S2","39.00","Europe","Greece",327923,"2014",18000.4184639065
"Lagoon","400 S2","39.00","Europe","Malta",327923,"2014",23286.2264514326
"Lagoon","400 S2","39.00","Europe","Greece",327923,"2014",18000.4184639065
"Lagoon","400 S2","39.00","Europe","Greece",327923,"2014",18000.4184639065
"Lagoon","400","39.00","Europe","Greece",327712,"2014",18000.4184639065
"Lagoon","400","39.00","Europe","Greece",327712,"2014",18000.4184639065
"Lagoon","400","39.00","Europe","Malta",327712,"2014",23286.2264514326
"Lagoon","400","39.00","Europe","Greece",327712,"2014",18000.4184639065
"Lagoon","400","39.00","Europe","Greece",327712,"2014",18000.4184639065
"Lagoon","400","39.00","Europe","Greece",327712,"2014",18000.4184639065
"Lagoon","400","39.00","Europe","France",321644,"2014",36378.6186614699
"Lagoon","400 S2","39.00","Europe","France",315778,"2014",36378.6186614699
"Lagoon","400 S2","39.00","Europe","France",315778,"2014",36378.6186614699
"Lagoon","400","39.00","Europe","France",315575,"2014",36378.6186614699
"Lagoon","400","39.00","Europe","France",315575,"2014",36378.6186614699
"Lagoon","400","39.00","Europe","France",315575,"2014",36378.6186614699
"Lagoon","400","39.00","Europe","Greece",309506,"2014",18000.4184639065
"Fountaine Pajot","Lipari 41","39.00","Europe","Italy",267522,"2014",29979.9187217358
"Lagoon","421","42.00","Caribbean","Mexico",440000,"2014",9947.8860235819
"Lagoon","421","42.00","Europe","Greece",352619,"2014",18000.4184639065
"Lagoon","421","42.00","Europe","Greece",352214,"2014",18000.4184639065
"Lagoon","421","42.00","Europe","Greece",320000,"2014",18000.4184639065
"Lagoon","421","42.00","Europe","Greece",320000,"2014",18000.4184639065
"Leopard","44","42.50","Europe","Croatia",363145,"2014",11703.97887474
"Leopard","44","42.50","Europe","Croatia",362911,"2014",11703.97887474
"Leopard","44","42.50","Europe","Greece",314925,"2014",18000.4184639065
"Fountaine Pajot","Helia 44","43.60","USA","Florida",535000,"2014",55675.3868536862
"Lagoon","450","44.60","Europe","Italy",424812,"2014",29979.9187217358
"Lagoon","450","45.80","Caribbean","Antigua and Barbuda",449000,"2014",15882.3092572073
"Lagoon","450","45.80","Europe","Greece",557773,"2014",18000.4184639065
"Lagoon","450","45.80","Europe","Greece",557773,"2014",18000.4184639065
"Lagoon","450","45.80","Europe","Croatia",546539,"2014",11703.97887474
"Lagoon","450","45.80","Europe","Croatia",545648,"2014",11703.97887474
"Lagoon","450","45.80","Europe","Greece",522319,"2014",18000.4184639065
"Lagoon","450","45.80","Europe","Greece",521397,"2014",18000.4184639065
"Lagoon","450","45.80","Europe","France",518675,"2014",36378.6186614699
"Lagoon","450","45.80","Europe","France",517759,"2014",36378.6186614699
"Lagoon","450F","45.80","Europe","Greece",510689,"2014",18000.4184639065
"Lagoon","450F","45.80","Europe","Greece",510302,"2014",18000.4184639065
"Lagoon","450","45.80","Europe","Greece",498530,"2014",18000.4184639065
"Lagoon","450","45.80","Europe","Greece",497146,"2014",18000.4184639065
"Lagoon","450","45.80","Europe","Croatia",484598,"2014",11703.97887474
"Lagoon","450","45.80","Europe","Croatia",483808,"2014",11703.97887474
"Lagoon","450","45.80","Europe","Croatia",472420,"2014",11703.97887474
"Lagoon","450","45.80","Europe","Croatia",472029,"2014",11703.97887474
"Lagoon","450","45.80","Europe","Turkey",462000,"2014",10556.1170411504
"Lagoon","450","45.80","Europe","Italy",424393,"2014",29979.9187217358
"Fountaine Pajot","Salina 48","47.00","USA","Florida",485000,"2014",55675.3868536862
"Leopard","48","48.00","Europe","Croatia",472149,"2014",11703.97887474
"Leopard","48","48.00","Europe","Croatia",472149,"2014",11703.97887474
"Lagoon","52","52.00","Europe","Croatia",1003140,"2014",11703.97887474
"Lagoon","52","52.00","Europe","Croatia",1003140,"2014",11703.97887474
"Lagoon","52","52.00","Europe","Italy",997060,"2014",29979.9187217358
"Lagoon","52","52.00","Europe","Turkey",972741,"2014",10556.1170411504
"Lagoon","52","52.00","Europe","France",972741,"2014",36378.6186614699
"Lagoon","52","52.00","Europe","Croatia",753875,"2014",11703.97887474
"Lagoon","52","52.00","USA","Texas",799000,"2014",55675.3868536862
"Leopard","39","37.50","Europe","Croatia",265549,"2015",12098.5120254631
"Lagoon","380","38.00","Europe","Italy",242510,"2015",30242.3861352184
"Lagoon","380","38.00","Europe","Croatia",220078,"2015",12098.5120254631
"Lagoon","39","38.40","Europe","Turkey",401256,"2015",11049.9951100942
"Lagoon","39","38.40","Europe","Spain",334380,"2015",25754.36102944
"Lagoon","39","38.40","Europe","France",327389,"2015",36652.9223052178
"Lagoon","39","38.40","Europe","France",303982,"2015",36652.9223052178
"Lagoon","39","38.40","Europe","Greece",303982,"2015",18083.8779056547
"Lagoon","39","38.40","Europe","France",303437,"2015",36652.9223052178
"Lagoon","39","38.40","Europe","Turkey",279663,"2015",11049.9951100942
"Lagoon","39","38.40","Europe","France",279380,"2015",36652.9223052178
"Lagoon","39","38.40","Europe","France",279162,"2015",36652.9223052178
"Lagoon","400","39.00","Europe","Croatia",338636,"2015",12098.5120254631
"Lagoon","400","39.00","Europe","Greece",310083,"2015",18083.8779056547
"Lagoon","400","39.00","Europe","Italy",303674,"2015",30242.3861352184
"Lagoon","400","39.00","Europe","Italy",303674,"2015",30242.3861352184
"Lagoon","400","39.00","Europe","Italy",303437,"2015",30242.3861352184
"Lagoon","400","39.00","Europe","Italy",303437,"2015",30242.3861352184
"Nautitech","40 Open","39.50","Europe","Greece",418744,"2015",18083.8779056547
"Nautitech","40 Open","39.50","Europe","France",388400,"2015",36652.9223052178
"Nautitech","40 Open","39.50","Europe","Spain",382210,"2015",25754.36102944
"Nautitech","40 Open","39.50","Europe","Spain",363765,"2015",25754.36102944
"Nautitech","40 Open","39.50","Europe","France",352214,"2015",36652.9223052178
"Nautitech","40 Open","39.50","Europe","France",351987,"2015",36652.9223052178
"Nautitech","40 Open","39.50","Europe","Croatia",315575,"2015",12098.5120254631
"Lagoon","421","42.00","Caribbean","Belize",340459,"2015",6098.60007958976
"Lagoon","421","42.00","Caribbean","Belize",340069,"2015",6098.60007958976
"Leopard","44","42.50","Caribbean","Belize",359000,"2015",6098.60007958976
"Leopard","44","42.50","Caribbean","Bahamas",339999,"2015",29724.9533355233
"Leopard","44","42.50","Europe","Greece",338636,"2015",18083.8779056547
"Leopard","44","42.50","USA","Florida",569000,"2015",56762.7294515989
"Leopard","44","42.50","USA","Florida",569000,"2015",56762.7294515989
"Leopard","44","42.50","USA","Florida",567000,"2015",56762.7294515989
"Leopard","44","42.50","USA","Florida",567000,"2015",56762.7294515989
"Fountaine Pajot","Helia 44","43.60","Caribbean","Grenada",559900,"2015",8379.62184743156
"Fountaine Pajot","Helia 44","43.60","Europe","Italy",510689,"2015",30242.3861352184
"Fountaine Pajot","Helia 44","43.60","Europe","France",510689,"2015",36652.9223052178
"Fountaine Pajot","Helia 44","43.60","Europe","Italy",509775,"2015",30242.3861352184
"Fountaine Pajot","Helia 44","43.60","Europe","Bulgaria",484286,"2015",7078.86032298969
"Fountaine Pajot","Helia 44","43.60","Europe","Spain",480291,"2015",25754.36102944
"Fountaine Pajot","Helia 44","43.60","Europe","Spain",479310,"2015",25754.36102944
"Lagoon","450","45.80","Caribbean","Grenada",499000,"2015",8379.62184743156
"Lagoon","450","45.80","Europe","Croatia",557470,"2015",12098.5120254631
"Lagoon","450","45.80","Europe","Croatia",556561,"2015",12098.5120254631
"Lagoon","450","45.80","Europe","Greece",546539,"2015",18083.8779056547
"Lagoon","450","45.80","Europe","Greece",545648,"2015",18083.8779056547
"Lagoon","450","45.80","Europe","Greece",522848,"2015",18083.8779056547
"Lagoon","450","45.80","Europe","Croatia",516769,"2015",12098.5120254631
"Lagoon","450","45.80","Europe","Greece",510302,"2015",18083.8779056547
"Lagoon","450","45.80","Europe","Greece",510103,"2015",18083.8779056547
"Lagoon","450","45.80","Europe","Greece",509271,"2015",18083.8779056547
"Lagoon","450","45.80","Europe","Italy",486404,"2015",30242.3861352184
"Lagoon","450","45.80","Europe","Italy",486371,"2015",30242.3861352184
"Lagoon","450","45.80","Europe","Greece",485879,"2015",18083.8779056547
"Lagoon","450","45.80","Europe","Greece",485500,"2015",18083.8779056547
"Lagoon","450","45.80","Europe","Greece",483383,"2015",18083.8779056547
"Lagoon","450","45.80","Europe","Greece",482595,"2015",18083.8779056547
"Lagoon","450F","45.80","Europe","Greece",479927,"2015",18083.8779056547
"Lagoon","450F","45.80","Europe","Greece",478957,"2015",18083.8779056547
"Lagoon","450F","45.80","Europe","Greece",474211,"2015",18083.8779056547
"Lagoon","450","45.80","Europe","Croatia",473667,"2015",12098.5120254631
"Lagoon","450","45.80","Europe","Croatia",472895,"2015",12098.5120254631
"Lagoon","450","45.80","Europe","Greece",465165,"2015",18083.8779056547
"Lagoon","450","45.80","Europe","Greece",464407,"2015",18083.8779056547
"Lagoon","450","45.80","Europe","Greece",455973,"2015",18083.8779056547
"Lagoon","450","45.80","Europe","Greece",455973,"2015",18083.8779056547
"Lagoon","450","45.80","Europe","Greece",455627,"2015",18083.8779056547
"Lagoon","450F","45.80","Europe","Greece",448677,"2015",18083.8779056547
"Lagoon","450","45.80","Europe","Greece",430455,"2015",18083.8779056547
"Leopard","48","48.00","Caribbean","Saint Lucia",499000,"2015",10290.3715682224
"Leopard","48","48.00","Caribbean","Saint Lucia",439000,"2015",10290.3715682224
"Leopard","48","48.00","Europe","Croatia",508561,"2015",12098.5120254631
"Leopard","48","48.00","Europe","Greece",508561,"2015",18083.8779056547
"Fountaine Pajot","SABA 50","49.00","Europe","Spain",910312,"2015",25754.36102944
"Fountaine Pajot","SABA 50","49.00","Europe","France",843556,"2015",36652.9223052178
"Fountaine Pajot","SABA 50","49.00","USA","Florida",765000,"2015",56762.7294515989
"Lagoon","52","52.00","Europe","Greece",1033538,"2015",18083.8779056547
"Lagoon","52","52.00","Europe","Greece",1033538,"2015",18083.8779056547
"Lagoon","52","52.00","Europe","France",838989,"2015",36652.9223052178
"Lagoon","52","52.00","Europe","France",838140,"2015",36652.9223052178
"Lagoon","52","52.00","USA","California",949000,"2015",56762.7294515989
"Lagoon","39","38.00","USA","Florida",335000,"2016",57292.5387829091
"Lagoon","39","38.40","Caribbean","Mexico",399000,"2016",10161.3557074563
"Lagoon","39","38.40","Europe","Greece",312493,"2016",18070.7807322854
"Leopard","40","39.00","Caribbean","Grenada",365000,"2016",8621.53890148144
"Lagoon","400","39.00","Caribbean","Bahamas",340000,"2016",29253.8913286468
"Lagoon","400 S2","39.00","Caribbean","Bahamas",340000,"2016",29253.8913286468
"Leopard","40","39.00","Caribbean","Belize",329000,"2016",5974.37916958583
"Leopard","40","39.00","Caribbean","Belize",329000,"2016",5974.37916958583
"Leopard","40","39.00","Caribbean","Saint Lucia",319000,"2016",10595.4492536643
"Leopard","40","39.00","Europe","Italy",460769,"2016",30685.645898943
"Lagoon","400","39.00","Europe","France",455156,"2016",36956.7958003293
"Lagoon","400","39.00","Europe","France",454706,"2016",36956.7958003293
"Lagoon","400 S2","39.00","Europe","Turkey",400850,"2016",11264.6145749335
"Lagoon","400","39.00","Europe","Turkey",400537,"2016",11264.6145749335
"Lagoon","400","39.00","Europe","Greece",364125,"2016",18070.7807322854
"Lagoon","400","39.00","Europe","Greece",358056,"2016",18070.7807322854
"Lagoon","400 S2","39.00","Europe","Greece",327968,"2016",18070.7807322854
"Lagoon","400","39.00","Europe","Greece",327712,"2016",18070.7807322854
"Lagoon","400 S2","39.00","Europe","Croatia",326753,"2016",12617.3060421415
"Lagoon","400","39.00","Europe","Croatia",326499,"2016",12617.3060421415
"Lagoon","400 S2","39.00","Europe","Italy",315821,"2016",30685.645898943
"Lagoon","400","39.00","Europe","Italy",315575,"2016",30685.645898943
"Lagoon","400","39.00","Europe","Croatia",309506,"2016",12617.3060421415
"Lagoon","400","39.00","USA","Florida",429000,"2016",57292.5387829091
"Nautitech","40 Open","39.50","Europe","Croatia",475638,"2016",12617.3060421415
"Nautitech","40 Open","39.50","Europe","Greece",376262,"2016",18070.7807322854
"Nautitech","40 Open","39.50","Europe","Croatia",345919,"2016",12617.3060421415
"Nautitech","40 Open","39.50","Europe","Croatia",345919,"2016",12617.3060421415
"Nautitech","40","39.50","Europe","Croatia",345919,"2016",12617.3060421415
"Bali","4.1","41.00","Europe","Greece",388650,"2016",18070.7807322854
"Bali","4.1","41.00","Europe","Greece",388400,"2016",18070.7807322854
"Lagoon","421","42.00","Europe","Croatia",460370,"2016",12617.3060421415
"Lagoon","421","42.00","Europe","Croatia",460011,"2016",12617.3060421415
"Lagoon","42","42.50","Caribbean","Dominican Republic",515334,"2016",7209.99020214435
"Lagoon","42","42.50","Caribbean","Grenada",464500,"2016",8621.53890148144
"Leopard","44","42.50","Caribbean","Bahamas",239999,"2016",29253.8913286468
"Lagoon","42","42.50","Europe","Italy",515844,"2016",30685.645898943
"Lagoon","42","42.50","Europe","Italy",515844,"2016",30685.645898943
"Lagoon","42","42.50","Europe","Italy",473362,"2016",30685.645898943
"Lagoon","42","42.50","Europe","Spain",461585,"2016",26514.3248119679
"Lagoon","42","42.50","Europe","Spain",460769,"2016",26514.3248119679
"Fountaine Pajot","Helia 44","43.60","Caribbean","U.S. Virgin Islands",582000,"2016",34614.7482633247
"Fountaine Pajot","Helia 44","43.60","Europe","France",625569,"2016",36956.7958003293
"Fountaine Pajot","Helia 44","43.60","Europe","Belgium",595804,"2016",41318.0196388476
"Fountaine Pajot","Helia 44","43.60","USA","Maryland",589000,"2016",57292.5387829091
"Fountaine Pajot","Helia 44","43.60","USA","Florida",399000,"2016",57292.5387829091
"Fountaine Pajot","Helia 44","43.60","USA","Florida",399000,"2016",57292.5387829091
"Lagoon","450","45.80","Caribbean","Mexico",650000,"2016",10161.3557074563
"Lagoon","450","45.80","Caribbean","Puerto Rico",495000,"2016",29961.7528224649
"Lagoon","450F","45.80","Europe","Italy",546187,"2016",30685.645898943
"Lagoon","450F","45.80","Europe","Italy",521912,"2016",30685.645898943
"Lagoon","450F","45.80","Europe","Greece",516769,"2016",18070.7807322854
"Lagoon","450","45.80","Europe","Italy",510689,"2016",30685.645898943
"Lagoon","450F","45.80","Europe","Greece",510689,"2016",18070.7807322854
"Lagoon","450F","45.80","Europe","Greece",509271,"2016",18070.7807322854
"Lagoon","450","45.80","Europe","Greece",498152,"2016",18070.7807322854
"Lagoon","450F","45.80","Europe","Greece",497146,"2016",18070.7807322854
"Lagoon","450F","45.80","Europe","Italy",474211,"2016",30685.645898943
"Lagoon","450F","45.80","Europe","Greece",472895,"2016",18070.7807322854
"Leopard","48","48.00","Caribbean","Bahamas",339999,"2016",29253.8913286468
"Fountaine Pajot","SABA 50","49.00","Europe","Greece",825350,"2016",18070.7807322854
"Lagoon","52","52.00","Caribbean","Grenada",627812,"2016",8621.53890148144
"Lagoon","52","52.00","Europe","France",924104,"2016",36956.7958003293
"Lagoon","52","52.00","Europe","France",923169,"2016",36956.7958003293
"Lagoon","52","52.00","Europe","France",843556,"2016",36956.7958003293
"Lagoon","52","52.00","Europe","France",840000,"2016",36956.7958003293
"Lagoon","39","38.40","Europe","Greece",358335,"2017",18304.3076770645
"Lagoon","39","38.40","Europe","Greece",357702,"2017",18304.3076770645
"Lagoon","39","38.40","Europe","Croatia",333781,"2017",13203.8192437954
"Lagoon","39","38.40","Europe","Italy",297369,"2017",31244.2270989224
"Lagoon","40","38.50","Europe","Spain",382331,"2017",27239.3524364815
"Leopard","40","39.00","Caribbean","Bahamas",209999,"2017",29763.5048408093
"Lagoon","400","39.00","Europe","Sweden",511198,"2017",52576.8102821051
"Lagoon","400","39.00","Europe","Greece",455156,"2017",18304.3076770645
"Lagoon","400 S2","39.00","Europe","Greece",388703,"2017",18304.3076770645
"Lagoon","400","39.00","Europe","Greece",388400,"2017",18304.3076770645
"Lagoon","400","39.00","Europe","Croatia",362911,"2017",13203.8192437954
"Nautitech","40 Open","39.50","Europe","France",479431,"2017",37694.0833027304
"Nautitech","40 Open","40.00","USA","Rhode Island",398000,"2017",58207.578310388
"Lagoon","42","42.50","Europe","Spain",547167,"2017",27239.3524364815
"Lagoon","42","42.50","Europe","Spain",546613,"2017",27239.3524364815
"Lagoon","42","42.50","Europe","Turkey",545648,"2017",11953.6664174026
"Lagoon","42","42.50","Europe","Turkey",544184,"2017",11953.6664174026
"Lagoon","42","42.50","Europe","Turkey",543760,"2017",11953.6664174026
"Lagoon","42","42.50","Europe","Greece",534050,"2017",18304.3076770645
"Lagoon","42","42.50","Europe","France",534050,"2017",37694.0833027304
"Lagoon","42","42.50","Europe","Croatia",516246,"2017",13203.8192437954
"Lagoon","42","42.50","Europe","Croatia",515844,"2017",13203.8192437954
"Lagoon","42","42.50","Europe","Greece",510689,"2017",18304.3076770645
"Lagoon","42","42.50","Europe","Greece",510172,"2017",18304.3076770645
"Lagoon","42","42.50","Europe","Greece",509775,"2017",18304.3076770645
"Lagoon","42","42.50","Europe","Greece",480291,"2017",18304.3076770645
"Lagoon","42","42.50","Europe","Greece",479805,"2017",18304.3076770645
"Lagoon","42","42.50","Europe","Greece",479431,"2017",18304.3076770645
"Lagoon","42","42.50","Europe","Greece",479431,"2017",18304.3076770645
"Lagoon","42","42.50","Europe","Croatia",473732,"2017",13203.8192437954
"Lagoon","42","42.50","Europe","Croatia",473362,"2017",13203.8192437954
"Lagoon","42","42.50","Europe","Greece",472895,"2017",18304.3076770645
"Lagoon","42","42.50","Europe","Croatia",461225,"2017",13203.8192437954
"Lagoon","42","42.50","Europe","Croatia",459620,"2017",13203.8192437954
"Lagoon","42","42.50","Europe","Croatia",459155,"2017",13203.8192437954
"Lagoon","42","42.50","Europe","Croatia",458344,"2017",13203.8192437954
"Lagoon","42","42.50","Europe","Greece",458344,"2017",18304.3076770645
"Lagoon","42","42.50","Europe","Malta",425144,"2017",27164.3004165602
"Lagoon","42","42.50","Europe","Greece",423599,"2017",18304.3076770645
"Lagoon","42","42.50","Europe","Greece",413415,"2017",18304.3076770645
"Lagoon","42","42.50","Europe","Greece",398420,"2017",18304.3076770645
"Lagoon","42","42.50","Europe","Greece",398110,"2017",18304.3076770645
"Lagoon","42","42.50","Europe","Greece",394776,"2017",18304.3076770645
"Lagoon","42","42.50","Europe","Greece",394469,"2017",18304.3076770645
"Lagoon","42","42.50","Europe","Greece",394079,"2017",18304.3076770645
"Lagoon","42","42.50","Europe","Greece",389097,"2017",18304.3076770645
"Lagoon","42","42.50","Europe","Greece",381953,"2017",18304.3076770645
"Lagoon","42","42.50","USA","North Carolina",545000,"2017",58207.578310388
"Lagoon","42","42.50","USA","North Carolina",545000,"2017",58207.578310388
"Fountaine Pajot","Helia 44","43.60","USA","Florida",450000,"2017",58207.578310388
"Lagoon","450F","45.80","Caribbean","Aruba",680000,"2017",30598.6487265662
"Lagoon","450F","45.80","Caribbean","U.S. Virgin Islands",599000,"2017",34435.4944455756
"Lagoon","450F","45.80","Europe","Croatia",791947,"2017",13203.8192437954
"Lagoon","450F","45.80","Europe","Croatia",785793,"2017",13203.8192437954
"Lagoon","450","45.80","Europe","Portugal",582600,"2017",20441.4858041084
"Lagoon","450F","45.80","Europe","Croatia",571486,"2017",13203.8192437954
"Lagoon","450F","45.80","Europe","Croatia",570830,"2017",13203.8192437954
"Lagoon","450F","45.80","Europe","Croatia",569899,"2017",13203.8192437954
"Lagoon","450F","45.80","Europe","Croatia",569899,"2017",13203.8192437954
"Lagoon","450F","45.80","Europe","Croatia",541087,"2017",13203.8192437954
"Lagoon","450F","45.80","Europe","Croatia",540677,"2017",13203.8192437954
"Lagoon","450F","45.80","Europe","Italy",509775,"2017",31244.2270989224
"Lagoon","450","45.80","Europe","Croatia",484664,"2017",13203.8192437954
"Lagoon","450","45.80","Europe","Croatia",483808,"2017",13203.8192437954
"Leopard","48","48.00","Caribbean","Bahamas",379999,"2017",29763.5048408093
"Leopard","48","48.00","Europe","Turkey",479999,"2017",11953.6664174026
"Leopard","48","48.00","Europe","Turkey",479999,"2017",11953.6664174026
"Fountaine Pajot","SABA 50","49.00","Caribbean","U.S. Virgin Islands",1039617,"2017",34435.4944455756
"Lagoon","52","52.00","Caribbean","U.S. Virgin Islands",995000,"2017",34435.4944455756
"Lagoon","52","52.00","USA","Florida",1045000,"2017",58207.578310388
"Lagoon","380","38.00","Caribbean","Grenada",330000,"2018",9252.55403427554
"Lagoon","40","38.50","Europe","Spain",498530,"2018",27739.8647682529
"Lagoon","40","38.50","Europe","Spain",498026,"2018",27739.8647682529
"Lagoon","40","38.50","Europe","France",451515,"2018",38259.6977698474
"Lagoon","40","38.50","Europe","Croatia",431654,"2018",13698.0547960571
"Lagoon","40","38.50","Europe","Croatia",431217,"2018",13698.0547960571
"Lagoon","40","38.50","Europe","Spain",411782,"2018",27739.8647682529
"Lagoon","40","38.50","Europe","Spain",411055,"2018",27739.8647682529
"Lagoon","40","38.50","Europe","Spain",385427,"2018",27739.8647682529
"Leopard","40","39.00","Caribbean","U.S. Virgin Islands",489000,"2018",35183.2357524821
"Lagoon","400","39.00","Europe","Italy",364359,"2018",31593.4802621599
"Lagoon","400","39.00","Europe","Italy",363765,"2018",31593.4802621599
"Nautitech","40 Open","39.50","Europe","France",449438,"2018",38259.6977698474
"Nautitech","40 Open","39.50","Europe","Turkey",449087,"2018",12148.2942496874
"Nautitech","40 Open","39.50","Europe","France",449087,"2018",38259.6977698474
"Nautitech","40","39.50","Europe","France",443019,"2018",38259.6977698474
"Bali","4.1","41.00","Europe","Italy",497958,"2018",31593.4802621599
"Bali","4.1","41.00","Europe","Italy",497146,"2018",31593.4802621599
"Bali","4.1","41.00","Europe","Spain",424393,"2018",27739.8647682529
"Bali","4.1","41.00","Europe","Greece",406606,"2018",18647.4957207515
"Bali","4.1","41.00","Europe","Croatia",387664,"2018",13698.0547960571
"Lagoon","42","42.50","Europe","Spain",557060,"2018",27739.8647682529
"Lagoon","42","42.50","Europe","Spain",556076,"2018",27739.8647682529
"Lagoon","42","42.50","Europe","Greece",540119,"2018",18647.4957207515
"Lagoon","42","42.50","Europe","Croatia",516246,"2018",13698.0547960571
"Lagoon","42","42.50","Europe","Croatia",515844,"2018",13698.0547960571
"Lagoon","42","42.50","Europe","Croatia",515334,"2018",13698.0547960571
"Lagoon","42","42.50","Europe","Greece",509775,"2018",18647.4957207515
"Lagoon","42","42.50","Europe","Greece",480291,"2018",18647.4957207515
"Lagoon","42","42.50","Europe","Greece",479431,"2018",18647.4957207515
"Lagoon","42","42.50","Europe","France",460836,"2018",38259.6977698474
"Lagoon","42","42.50","Europe","France",460370,"2018",38259.6977698474
"Lagoon","42","42.50","Europe","Greece",449087,"2018",18647.4957207515
"Lagoon","450F","45.80","Caribbean","Dominican Republic",619012,"2018",7894.95519223748
"Lagoon","450F","45.80","Caribbean","Antigua and Barbuda",575000,"2018",17901.0409130559
"Lagoon","450F","45.80","Europe","Greece",601275,"2018",18647.4957207515
"Lagoon","450","45.80","Europe","Greece",601193,"2018",18647.4957207515
"Lagoon","450","45.80","Europe","Greece",600212,"2018",18647.4957207515
"Lagoon","450","45.80","Europe","Greece",600212,"2018",18647.4957207515
"Lagoon","450F","45.80","Europe","Croatia",577127,"2018",13698.0547960571
"Lagoon","450F","45.80","Europe","Croatia",575961,"2018",13698.0547960571
"Lagoon","450F","45.80","Europe","Croatia",546539,"2018",13698.0547960571
"Lagoon","450F","45.80","Europe","Croatia",545648,"2018",13698.0547960571
"Lagoon","450F","45.80","Europe","Italy",535008,"2018",31593.4802621599
"Lagoon","450F","45.80","Europe","Italy",522319,"2018",31593.4802621599
"Lagoon","450F","45.80","Europe","Italy",521397,"2018",31593.4802621599
"Lagoon","450","45.80","Europe","Greece",516176,"2018",18647.4957207515
"Lagoon","450","45.80","Europe","Greece",515334,"2018",18647.4957207515
"Fountaine Pajot","SABA 50","49.00","Europe","Croatia",934587,"2018",13698.0547960571
"Fountaine Pajot","SABA 50","49.00","Europe","Croatia",934587,"2018",13698.0547960571
"Fountaine Pajot","SABA 50","49.00","Europe","Italy",910312,"2018",31593.4802621599
"Fountaine Pajot","SABA 50","49.00","Europe","Italy",910312,"2018",31593.4802621599
"Lagoon","40","38.50","Europe","Sweden",474302,"2019",53490.3518198746
"Lagoon","40","38.50","Europe","Sweden",474278,"2019",53490.3518198746
"Lagoon","40","38.50","Europe","Croatia",468132,"2019",14242.4556699034
"Lagoon","40","38.50","Europe","Croatia",467658,"2019",14242.4556699034
"Lagoon","40","38.50","Europe","France",460836,"2019",38832.0242014303
"Lagoon","40","38.50","Europe","France",455973,"2019",38832.0242014303
"Lagoon","40","38.50","Europe","Croatia",419070,"2019",14242.4556699034
"Lagoon","40","38.50","Europe","Croatia",418744,"2019",14242.4556699034
"Bali","4.1","41.00","Europe","Italy",510103,"2019",32114.2998563994
"Bali","4.1","41.00","Europe","Italy",509271,"2019",32114.2998563994
"Bali","4.1","41.00","Europe","France",484598,"2019",38832.0242014303
"Bali","4.1","41.00","Europe","France",483808,"2019",38832.0242014303
"Bali","4.1","41.00","Europe","Croatia",480324,"2019",14242.4556699034
"Bali","4.1","41.00","Europe","Croatia",462084,"2019",14242.4556699034
"Bali","4.1","41.00","Europe","Croatia",461585,"2019",14242.4556699034
"Bali","4.1","41.00","Europe","Croatia",409066,"2019",14242.4556699034
"Bali","4.1","41.00","Europe","Greece",304103,"2019",19017.9964295438
"Lagoon","42","42.50","Caribbean","Dominican Republic",705237,"2019",8205.14259161047
"Lagoon","42","42.50","Caribbean","U.S. Virgin Islands",499000,"2019",36328.068217051
"Lagoon","42","42.50","Europe","France",709128,"2019",38832.0242014303
"Lagoon","42","42.50","Europe","Spain",594737,"2019",28087.8979203438
"Lagoon","42","42.50","Europe","Italy",594737,"2019",32114.2998563994
"Lagoon","42","42.50","Europe","Spain",557773,"2019",28087.8979203438
"Lagoon","42","42.50","Europe","Italy",486371,"2019",32114.2998563994
"Lagoon","42","42.50","Europe","Greece",486371,"2019",19017.9964295438
"Lagoon","42","42.50","Europe","Greece",485879,"2019",19017.9964295438
"Lagoon","42","42.50","Europe","Italy",485500,"2019",32114.2998563994
"Lagoon","42","42.50","Europe","Greece",485020,"2019",19017.9964295438
"Lagoon","42","42.50","Europe","Croatia",483565,"2019",14242.4556699034
"Lagoon","42","42.50","Europe","Greece",478957,"2019",19017.9964295438
"Lagoon","42","42.50","Europe","Greece",461585,"2019",19017.9964295438
"Lagoon","42","42.50","Europe","Greece",460769,"2019",19017.9964295438
"Lagoon","42","42.50","Europe","Greece",443364,"2019",19017.9964295438
"Lagoon","42","42.50","Europe","Greece",443019,"2019",19017.9964295438
"Lagoon","42","42.50","Europe","Croatia",359017,"2019",14242.4556699034
"Lagoon","42","42.50","USA","Texas",589000,"2019",60698.0112990179
"Lagoon","42","42.50","USA","Texas",589000,"2019",60698.0112990179
"Lagoon","450","45.80","Caribbean","Mexico",599000,"2019",10226.2313328256
"Lagoon","450","45.80","Europe","Turkey",666903,"2019",12073.8715524618
"Lagoon","450F","45.80","Europe","Turkey",641439,"2019",12073.8715524618
"Lagoon","450F","45.80","Europe","Croatia",616475,"2019",14242.4556699034
"Lagoon","450F","45.80","Europe","Croatia",615851,"2019",14242.4556699034
"Lagoon","450F","45.80","Europe","France",595120,"2019",38832.0242014303
"Lagoon","450","45.80","Europe","France",594150,"2019",38832.0242014303
